Sports_categories,Gender_last,Insole Length,Ball Girth,Ball Width,Heel Width,Toe Height,Heel Spring,Return Rate
Basketball,Female,277.0,265.0,101.5,70.0,30.4,9.0,0.30194769025814566
Basketball,Male,271.9,246.0,94.4,60.5,27.6,13.5,0.300574541544835
Football,Female,276.9,254.0,95.2,65.0,29.8,10.5,0.1585541713624613
Football,Male,276.0,253.0,94.6,69.0,28.5,8.0,0.062102563057849
Running,Female,275.2,249.5,96.8,66.0,25.3,8.5,0.1215214469909174
Running,Male,278.5,240.5,94.4,69.0,25.8,8.5,0.0501697464390855
